Bitcoin,"           Date     Open     High      Low    Close         Volume  \
0    2017-10-03  4408.46  4432.47  4258.89  4317.48  1,288,020,000   
1    2017-10-02  4395.81  4470.23  4377.46  4409.32  1,431,730,000   
2    2017-10-01  4341.05  4403.74  4269.81  4403.74  1,208,210,000   
3    2017-09-30  4166.11  4358.43  4160.86  4338.71  1,207,450,000   
4    2017-09-29  4171.62  4214.63  4039.29  4163.07  1,367,050,000   
5    2017-09-28  4197.13  4279.31  4109.70  4174.73  1,712,320,000   
6    2017-09-27  3892.94  4210.05  3884.82  4200.67  1,686,880,000   
7    2017-09-26  3928.41  3969.89  3869.90  3892.35  1,043,740,000   
8    2017-09-25  3681.58  3950.25  3681.58  3926.07  1,374,210,000   
9    2017-09-24  3796.15  3796.15  3666.90  3682.84    768,015,000   
10   2017-09-23  3629.92  3819.21  3594.58  3792.40    928,114,000   
11   2017-09-22  3628.02  3758.27  3553.53  3630.70  1,194,830,000   
12   2017-09-21  3901.47  3916.42  3613.63  3631.04  1,411,480,000   
13   2017-09-20  3916.36  4031.39  3857.73  3905.95  1,213,830,000   
14   2017-09-19  4073.79  4094.07  3868.87  3924.97  1,563,980,000   
15   2017-09-18  3591.09  4079.23  3591.09  4065.20  1,943,210,000   
16   2017-09-17  3606.28  3664.81  3445.64  3582.88  1,239,150,000   
17   2017-09-16  3637.75  3808.84  3487.79  3625.04  1,818,400,000   
18   2017-09-15  3166.30  3733.45  2946.62  3637.52  4,148,070,000   
19   2017-09-14  3875.37  3920.60  3153.86  3154.95  2,716,310,000   
20   2017-09-13  4131.98  4131.98  3789.92  3882.59  2,219,410,000   
21   2017-09-12  4168.88  4344.65  4085.22  4130.81  1,864,530,000   
22   2017-09-11  4122.47  4261.67  4099.40  4161.27  1,557,330,000   
23   2017-09-10  4229.34  4245.44  3951.04  4122.94  1,679,090,000   
24   2017-09-09  4229.81  4308.82  4114.11  4226.06  1,386,230,000   
25   2017-09-08  4605.16  4661.00  4075.18  4228.75  2,700,890,000   
26   2017-09-07  4589.14  4655.04  4491.33  4599.88  1,844,620,000   
27   2017-09-06  4376.59  4617.25  4376.59  4597.12  2,172,100,000   
28   2017-09-05  4228.29  4427.84  3998.11  4376.53  2,697,970,000   
29   2017-09-04  4591.63  4591.63  4108.40  4236.31  2,987,330,000   
...         ...      ...      ...      ...      ...            ...   
1590 2013-05-27   133.50   135.47   124.70   129.75              -   
1591 2013-05-26   131.99   136.00   130.62   133.48              -   
1592 2013-05-25   133.10   133.22   128.90   131.98              -   
1593 2013-05-24   126.30   133.85   125.72   133.20              -   
1594 2013-05-23   123.80   126.93   123.10   126.70              -   
1595 2013-05-22   122.89   124.00   122.00   123.89              -   
1596 2013-05-21   122.02   123.00   121.21   122.88              -   
1597 2013-05-20   122.50   123.62   120.12   122.00              -   
1598 2013-05-19   123.21   124.50   119.57   121.99              -   
1599 2013-05-18   123.50   125.25   122.30   123.50              -   
1600 2013-05-17   118.21   125.30   116.57   123.02              -   
1601 2013-05-16   114.22   118.76   112.20   118.76              -   
1602 2013-05-15   111.40   115.81   103.50   114.22              -   
1603 2013-05-14   117.98   119.80   110.25   111.50              -   
1604 2013-05-13   114.82   118.70   114.50   117.98              -   
1605 2013-05-12   115.64   117.45   113.44   115.00              -   
1606 2013-05-11   117.70   118.68   113.01   115.24              -   
1607 2013-05-10   112.80   122.00   111.55   117.20              -   
1608 2013-05-09   113.20   113.46   109.26   112.67              -   
1609 2013-05-08   109.60   115.78   109.60   113.57              -   
1610 2013-05-07   112.25   113.44    97.70   111.50              -   
1611 2013-05-06   115.98   124.66   106.64   112.30              -   
1612 2013-05-05   112.90   118.80   107.14   115.91              -   
1613 2013-05-04    98.10   115.00    92.50   112.50              -   
1614 2013-05-03   106.25   108.13    79.10    97.75              -   
1615 2013-05-02   116.38   125.60    92.28   105.21              -   
1616 2013-05-01   139.00   139.89   107.72   116.99              -   
1617 2013-04-30   144.00   146.93   134.05   139.00              -   
1618 2013-04-29   134.44   147.49   134.00   144.54              -   
1619 2013-04-28   135.30   135.98   132.10   134.21              -   

          Market Cap  
0     73,181,300,000  
1     72,963,200,000  
2     72,047,300,000  
3     69,136,600,000  
4     69,219,200,000  
5     69,633,200,000  
6     64,579,200,000  
7     65,161,000,000  
8     61,061,100,000  
9     62,954,300,000  
10    60,190,000,000  
11    60,152,300,000  
12    64,677,600,000  
13    64,918,500,000  
14    67,520,300,000  
15    59,514,100,000  
16    59,757,800,000  
17    60,271,600,000  
18    52,453,500,000  
19    64,191,600,000  
20    68,432,200,000  
21    69,033,400,000  
22    68,256,000,000  
23    70,018,100,000  
24    70,017,200,000  
25    76,220,200,000  
26    75,945,000,000  
27    72,418,700,000  
28    69,954,400,000  
29    75,955,500,000  
...              ...  
1590   1,495,520,000  
1591   1,478,030,000  
1592   1,489,950,000  
1593   1,413,300,000  
1594   1,384,780,000  
1595   1,374,130,000  
1596   1,363,940,000  
1597   1,368,910,000  
1598   1,376,370,000  
1599   1,379,140,000  
1600   1,319,590,000  
1601   1,274,620,000  
1602   1,242,760,000  
1603   1,315,720,000  
1604   1,279,980,000  
1605   1,288,630,000  
1606   1,311,050,000  
1607   1,255,970,000  
1608   1,259,980,000  
1609   1,219,450,000  
1610   1,248,470,000  
1611   1,289,470,000  
1612   1,254,760,000  
1613   1,089,890,000  
1614   1,180,070,000  
1615   1,292,190,000  
1616   1,542,820,000  
1617   1,597,780,000  
1618   1,491,160,000  
1619   1,500,520,000  

[1620 rows x 7 columns]"
Litecoin,"           Date   Open   High    Low  Close         Volume     Market Cap
0    2017-10-03  53.39  53.59  51.59  52.35     88,516,100  2,840,540,000
1    2017-10-02  54.55  54.78  53.26  53.38     95,474,600  2,901,270,000
2    2017-10-01  55.14  55.16  53.63  54.54    100,183,000  2,931,740,000
3    2017-09-30  52.63  55.23  52.62  55.14    131,446,000  2,797,460,000
4    2017-09-29  54.11  54.16  50.42  52.62    186,560,000  2,875,460,000
5    2017-09-28  56.21  56.67  53.41  54.09    202,009,000  2,986,370,000
6    2017-09-27  51.58  56.54  51.58  56.28    220,363,000  2,739,380,000
7    2017-09-26  51.69  53.70  51.08  51.55    173,663,000  2,744,540,000
8    2017-09-25  47.62  52.44  47.57  51.58    208,641,000  2,527,830,000
9    2017-09-24  49.25  49.27  47.52  47.62     82,147,100  2,613,620,000
10   2017-09-23  48.16  49.79  46.69  49.27    142,073,000  2,554,900,000
11   2017-09-22  46.65  49.09  45.19  48.09    218,134,000  2,474,380,000
12   2017-09-21  51.66  52.31  45.67  46.61    229,363,000  2,739,370,000
13   2017-09-20  52.74  53.83  51.25  51.73    160,252,000  2,795,880,000
14   2017-09-19  55.68  55.88  51.05  52.84    286,583,000  2,950,880,000
15   2017-09-18  48.53  55.61  48.53  55.53    408,675,000  2,571,070,000
16   2017-09-17  48.23  49.88  45.12  48.49    245,262,000  2,554,450,000
17   2017-09-16  48.13  52.83  46.46  48.26    562,278,000  2,548,580,000
18   2017-09-15  41.69  50.65  32.03  48.21  1,554,340,000  2,206,520,000
19   2017-09-14  61.64  62.43  41.25  41.58    749,714,000  3,261,960,000
20   2017-09-13  64.32  64.60  58.93  61.73    501,522,000  3,402,820,000
21   2017-09-12  66.24  70.25  63.86  64.23    481,218,000  3,503,300,000
22   2017-09-11  61.65  67.23  61.37  66.04    412,076,000  3,259,510,000
23   2017-09-10  65.80  65.95  57.06  61.61    529,848,000  3,478,400,000
24   2017-09-09  67.21  69.55  64.01  66.01    467,895,000  3,551,950,000
25   2017-09-08  78.45  80.13  63.83  67.79    930,673,000  4,144,630,000
26   2017-09-07  79.88  81.06  75.59  78.48    526,829,000  4,218,690,000
27   2017-09-06  71.78  80.64  71.51  80.11    830,718,000  3,789,670,000
28   2017-09-05  65.25  72.44  59.05  71.29  1,016,090,000  3,444,150,000
29   2017-09-04  76.73  76.73  61.24  65.21    922,041,000  4,049,140,000
...         ...    ...    ...    ...    ...            ...            ...
1590 2013-05-27   3.23   3.26   3.02   3.10              -     58,130,800
1591 2013-05-26   3.12   3.33   3.09   3.25              -     56,123,900
1592 2013-05-25   3.19   3.20   3.05   3.12              -     57,165,800
1593 2013-05-24   3.17   3.19   3.04   3.18              -     56,747,200
1594 2013-05-23   3.12   3.19   3.09   3.18              -     55,727,000
1595 2013-05-22   3.09   3.14   3.03   3.12              -     55,165,300
1596 2013-05-21   3.19   3.22   3.04   3.09              -     56,887,600
1597 2013-05-20   3.31   3.32   3.15   3.18              -     58,962,900
1598 2013-05-19   3.30   3.41   3.19   3.30              -     58,645,400
1599 2013-05-18   3.20   3.36   3.13   3.29              -     56,721,100
1600 2013-05-17   2.89   3.34   2.87   3.19              -     51,195,900
1601 2013-05-16   2.93   2.97   2.69   2.92              -     51,790,900
1602 2013-05-15   2.82   3.04   2.64   2.94              -     49,842,500
1603 2013-05-14   3.28   3.33   2.78   2.82              -     57,812,000
1604 2013-05-13   3.26   3.37   3.20   3.28              -     57,363,200
1605 2013-05-12   3.36   3.42   3.22   3.27              -     59,052,900
1606 2013-05-11   3.46   3.48   3.30   3.35              -     60,658,000
1607 2013-05-10   3.41   3.63   3.37   3.44              -     59,588,000
1608 2013-05-09   3.40   3.44   3.29   3.42              -     59,337,100
1609 2013-05-08   3.28   3.49   3.28   3.41              -     57,196,300
1610 2013-05-07   3.37   3.41   2.94   3.33              -     58,588,300
1611 2013-05-06   3.59   3.78   3.12   3.37              -     62,356,000
1612 2013-05-05   3.49   3.69   3.35   3.59              -     60,525,000
1613 2013-05-04   3.03   3.64   2.90   3.48              -     52,476,400
1614 2013-05-03   3.39   3.45   2.40   3.04              -     58,607,400
1615 2013-05-02   3.78   4.04   3.01   3.37              -     65,242,700
1616 2013-05-01   4.29   4.36   3.52   3.80              -     73,901,200
1617 2013-04-30   4.40   4.57   4.17   4.30              -     75,726,800
1618 2013-04-29   4.37   4.57   4.23   4.38              -     74,952,700
1619 2013-04-28   4.30   4.40   4.18   4.35              -     73,773,400

[1620 rows x 7 columns]"
Ethereum,"          Date        Open        High         Low       Close         Volume  \
0   2017-10-03  297.480000  300.110000  288.130000  292.460000    321,680,000   
1   2017-10-02  302.480000  302.920000  294.580000  297.480000    339,443,000   
2   2017-10-01  301.550000  303.190000  295.060000  302.340000    306,185,000   
3   2017-09-30  291.480000  303.960000  291.110000  301.460000    332,439,000   
4   2017-09-29  299.120000  299.920000  279.770000  291.470000    541,375,000   
5   2017-09-28  306.470000  307.200000  295.470000  299.150000    501,894,000   
6   2017-09-27  287.020000  308.010000  286.820000  306.470000    550,244,000   
7   2017-09-26  292.350000  293.750000  287.020000  287.440000    345,801,000   
8   2017-09-25  282.220000  293.510000  281.880000  292.330000    483,161,000   
9   2017-09-24  286.210000  292.950000  278.130000  282.480000    571,411,000   
10  2017-09-23  264.600000  286.170000  261.120000  286.170000    450,934,000   
11  2017-09-22  258.110000  270.540000  256.220000  264.310000    430,081,000   
12  2017-09-21  283.260000  286.610000  255.020000  258.580000    601,266,000   
13  2017-09-20  282.010000  290.890000  278.050000  283.740000    421,404,000   
14  2017-09-19  293.660000  295.770000  274.480000  282.800000    646,909,000   
15  2017-09-18  252.230000  293.500000  252.230000  293.500000  1,127,750,000   
16  2017-09-17  245.850000  257.000000  235.240000  251.750000    427,452,000   
17  2017-09-16  250.870000  262.590000  238.220000  246.520000    711,737,000   
18  2017-09-15  215.220000  258.650000  195.030000  250.460000  1,935,700,000   
19  2017-09-14  276.590000  280.840000  213.910000  213.910000  1,184,590,000   
20  2017-09-13  291.120000  291.120000  260.610000  277.110000    921,692,000   
21  2017-09-12  294.630000  311.190000  287.230000  291.460000    753,144,000   
22  2017-09-11  289.750000  300.690000  286.690000  294.530000    571,307,000   
23  2017-09-10  294.060000  294.760000  268.970000  288.750000    698,326,000   
24  2017-09-09  296.170000  299.890000  287.220000  294.400000    528,621,000   
25  2017-09-08  329.640000  329.640000  285.160000  296.500000  1,098,780,000   
26  2017-09-07  333.520000  333.520000  319.940000  329.430000    718,624,000   
27  2017-09-06  313.800000  334.660000  313.490000  334.340000  1,058,830,000   
28  2017-09-05  297.570000  318.570000  268.290000  312.990000  1,551,050,000   
29  2017-09-04  347.130000  347.130000  279.940000  295.170000  1,801,690,000   
..         ...         ...         ...         ...         ...            ...   
759 2015-09-05    1.280000    1.340000    1.270000    1.340000        448,453   
760 2015-09-04    1.260000    1.300000    1.240000    1.270000        474,391   
761 2015-09-03    1.300000    1.310000    1.210000    1.260000        702,991   
762 2015-09-02    1.350000    1.350000    1.260000    1.290000        883,769   
763 2015-09-01    1.350000    1.390000    1.340000    1.350000        778,862   
764 2015-08-31    1.320000    1.400000    1.200000    1.360000      1,447,180   
765 2015-08-30    1.180000    1.370000    1.170000    1.320000      1,337,650   
766 2015-08-29    1.190000    1.210000    1.150000    1.180000        375,377   
767 2015-08-28    1.150000    1.210000    1.120000    1.190000        721,872   
768 2015-08-27    1.170000    1.190000    1.140000    1.150000        686,662   
769 2015-08-26    1.130000    1.200000    1.060000    1.160000      1,056,750   
770 2015-08-25    1.230000    1.240000    1.130000    1.140000      1,307,180   
771 2015-08-24    1.350000    1.360000    1.230000    1.230000        924,920   
772 2015-08-23    1.380000    1.410000    1.300000    1.350000      1,589,300   
773 2015-08-22    1.400000    1.480000    1.350000    1.380000        948,310   
774 2015-08-21    1.480000    1.560000    1.350000    1.400000      2,020,970   
775 2015-08-20    1.250000    1.530000    1.250000    1.460000      2,843,760   
776 2015-08-19    1.170000    1.320000    1.170000    1.260000      1,486,240   
777 2015-08-18    1.220000    1.330000    1.090000    1.090000      1,485,680   
778 2015-08-17    1.580000    1.580000    1.190000    1.200000      1,942,830   
779 2015-08-16    1.680000    1.700000    1.090000    1.570000      3,550,790   
780 2015-08-15    1.800000    1.880000    1.570000    1.690000      2,554,360   
781 2015-08-14    1.810000    2.260000    1.750000    1.830000      4,637,030   
782 2015-08-13    1.220000    1.970000    1.170000    1.830000      4,068,680   
783 2015-08-12    1.060000    1.290000    0.883608    1.220000      2,150,620   
784 2015-08-11    0.708087    1.130000    0.663235    1.070000      1,463,100   
785 2015-08-10    0.713989    0.729854    0.636546    0.708448        405,283   
786 2015-08-09    0.706136    0.879810    0.629191    0.701897        532,170   
787 2015-08-08    2.790000    2.800000    0.714725    0.753325        674,188   
788 2015-08-07    2.830000    3.540000    2.520000    2.770000        164,329   

         Market Cap  
0    28,238,500,000  
1    28,708,500,000  
2    28,615,200,000  
3    27,655,200,000  
4    28,375,900,000  
5    29,068,700,000  
6    27,219,400,000  
7    27,720,000,000  
8    26,755,500,000  
9    27,129,900,000  
10   25,077,100,000  
11   24,458,400,000  
12   26,836,000,000  
13   26,712,400,000  
14   27,809,300,000  
15   23,881,200,000  
16   23,272,500,000  
17   23,742,600,000  
18   20,364,900,000  
19   26,166,100,000  
20   27,535,700,000  
21   27,861,800,000  
22   27,394,400,000  
23   27,797,200,000  
24   27,990,500,000  
25   31,147,200,000  
26   31,507,500,000  
27   29,639,100,000  
28   28,100,000,000  
29   32,774,000,000  
..              ...  
759      93,402,300  
760      92,234,100  
761      94,418,700  
762      98,504,600  
763      98,617,200  
764      96,251,000  
765      86,145,900  
766      86,887,600  
767      83,521,700  
768      85,106,100  
769      82,384,400  
770      89,321,900  
771      97,791,600  
772      99,894,500  
773     101,404,000  
774     107,266,000  
775      90,809,000  
776      84,663,900  
777      88,143,200  
778      95,819,700  
779     102,028,000  
780     109,160,000  
781     109,594,000  
782      73,935,400  
783      64,018,400  
784      42,796,500  
785      43,130,000  
786      42,637,600  
787     167,911,000  
788               -  

[789 rows x 7 columns]"
VGT,"           Date        Open        High         Low       Close   Adj Close  \
1785 2017-10-11  154.970001  155.740005  154.899994  155.699997  155.699997   
1784 2017-10-10  155.479996  155.940002  154.330002  155.070007  155.070007   
1783 2017-10-09  154.929993  155.350006  154.770004  154.970001  154.970001   
1782 2017-10-06  153.839996  154.690002  153.630005  154.630005  154.630005   
1781 2017-10-05  153.360001  154.250000  153.070007  154.160004  154.160004   
1780 2017-10-04  152.580002  152.949997  152.059998  152.720001  152.720001   
1779 2017-10-03  152.679993  152.869995  152.419998  152.809998  152.809998   
1778 2017-10-02  152.410004  152.830002  151.600006  152.419998  152.419998   
1777 2017-09-29  151.350006  152.160004  151.139999  151.990005  151.990005   
1776 2017-09-28  150.610001  151.070007  150.179993  151.039993  151.039993   
1775 2017-09-27  149.940002  151.320007  149.759995  150.820007  150.820007   
1774 2017-09-26  149.720001  150.149994  148.970001  149.429993  149.010986   
1773 2017-09-25  150.570007  150.570007  148.229996  148.940002  148.522385   
1772 2017-09-22  150.339996  151.179993  150.279999  151.000000  150.576599   
1771 2017-09-21  151.580002  151.580002  150.330002  150.880005  150.456940   
1770 2017-09-20  152.440002  152.440002  150.619995  151.729996  151.304550   
1769 2017-09-19  152.320007  152.729996  151.860001  152.490005  152.062424   
1768 2017-09-18  152.050003  152.630005  151.500000  151.970001  151.543884   
1767 2017-09-15  151.240005  152.020004  150.910004  151.809998  151.384323   
1766 2017-09-14  151.300003  151.970001  150.899994  151.380005  150.955536   
1765 2017-09-13  151.860001  151.860001  151.339996  151.789993  151.364380   
1764 2017-09-12  152.300003  152.360001  151.399994  152.070007  151.643600   
1763 2017-09-11  150.779999  151.889999  150.770004  151.800003  151.374359   
1762 2017-09-08  150.639999  150.639999  149.460007  149.559998  149.140640   
1761 2017-09-07  150.380005  150.960007  150.039993  150.759995  150.337265   
1760 2017-09-06  150.350006  150.500000  149.229996  150.059998  149.639236   
1759 2017-09-05  150.509995  151.000000  148.720001  149.830002  149.409882   
1758 2017-09-01  151.550003  151.720001  150.869995  151.110001  150.686295   
1757 2017-08-31  150.460007  151.429993  150.300003  151.220001  150.795990   
1756 2017-08-30  148.949997  150.169998  148.789993  150.110001  149.689102   
...         ...         ...         ...         ...         ...         ...   
29   2010-10-20   57.660000   58.299999   57.549999   57.910000   53.269730   
28   2010-10-19   57.540001   58.060001   57.099998   57.500000   52.892578   
27   2010-10-18   58.330002   58.570000   58.060001   58.419998   53.738861   
26   2010-10-15   57.939999   58.290001   57.520000   58.250000   53.582500   
25   2010-10-14   57.349998   57.500000   56.959999   57.240002   52.653419   
24   2010-10-13   57.130001   57.509998   56.880001   57.230000   52.644215   
23   2010-10-12   56.200001   56.810001   55.759998   56.680000   52.138287   
22   2010-10-11   56.320000   56.580002   56.150002   56.270000   51.761143   
21   2010-10-08   55.900002   56.360001   55.500000   56.209999   51.705956   
20   2010-10-07   55.919998   55.980000   55.439999   55.840000   51.365604   
19   2010-10-06   56.029999   56.270000   55.310001   55.700001   51.236813   
18   2010-10-05   55.520000   56.279999   55.400002   56.130001   51.632359   
17   2010-10-04   55.439999   55.549999   54.619999   54.959999   50.556114   
16   2010-10-01   56.009998   56.090000   55.369999   55.599998   51.144825   
15   2010-09-30   56.139999   56.450001   55.270000   55.599998   51.144825   
14   2010-09-29   55.660000   56.060001   55.650002   55.869999   51.393188   
13   2010-09-28   55.830002   55.939999   54.900002   55.820000   51.347198   
12   2010-09-27   55.779999   56.099998   55.599998   55.709999   51.246010   
11   2010-09-24   55.169998   55.799999   55.169998   55.759998   51.292011   
10   2010-09-23   54.220001   55.130001   54.119999   54.570000   50.197365   
9    2010-09-22   54.709999   54.950001   54.250000   54.599998   50.224957   
8    2010-09-21   55.060001   55.360001   54.770000   54.869999   50.473320   
7    2010-09-20   54.310001   55.099998   54.240002   54.990002   50.583717   
6    2010-09-17   54.299999   54.340000   53.860001   54.130001   49.792618   
5    2010-09-16   53.509998   53.930000   53.470001   53.910000   49.590248   
4    2010-09-15   53.180000   53.689999   53.090000   53.560001   49.268303   
3    2010-09-14   52.970001   53.709999   52.790001   53.299999   49.029121   
2    2010-09-13   52.389999   53.139999   52.389999   53.040001   48.789959   
1    2010-09-10   52.040001   52.040001   51.599998   51.910000   47.750504   
0    2010-09-09   52.330002   52.389999   51.860001   51.930000   47.768902   

      Volume  
1785  276600  
1784  244800  
1783  308900  
1782  291800  
1781  277400  
1780  353900  
1779  409000  
1778  511400  
1777  789100  
1776  268500  
1775  380300  
1774  489000  
1773  725900  
1772  260200  
1771  250000  
1770  577700  
1769  501200  
1768  401300  
1767  225200  
1766  231400  
1765  434200  
1764  234000  
1763  225300  
1762  209800  
1761  274500  
1760  263600  
1759  976500  
1758  295700  
1757  291400  
1756  310300  
...      ...  
29    115500  
28    128500  
27    199500  
26    151700  
25     87000  
24    176100  
23    163400  
22    212300  
21     71600  
20     84000  
19     82600  
18    121600  
17    107800  
16    181300  
15    139400  
14    127800  
13    170600  
12    145900  
11     95600  
10    129000  
9     161300  
8     387800  
7     172600  
6     133700  
5     132300  
4     134300  
3     164000  
2      98500  
1     168700  
0      81800  

[1786 rows x 7 columns]"
VOO,"           Date        Open        High         Low       Close   Adj Close  \
1785 2017-10-11  233.740005  234.240005  233.600006  234.240005  234.240005   
1784 2017-10-10  233.839996  234.250000  233.289993  233.860001  233.860001   
1783 2017-10-09  233.919998  233.929993  232.979996  233.270004  233.270004   
1782 2017-10-06  233.460007  233.699997  233.179993  233.679993  233.679993   
1781 2017-10-05  232.860001  233.929993  232.759995  233.899994  233.899994   
1780 2017-10-04  232.119995  232.779999  231.979996  232.520004  232.520004   
1779 2017-10-03  231.899994  232.250000  231.669998  232.199997  232.199997   
1778 2017-10-02  231.000000  231.729996  230.910004  231.729996  231.729996   
1777 2017-09-29  229.910004  230.830002  229.740005  230.759995  230.759995   
1776 2017-09-28  229.360001  230.009995  229.289993  229.940002  229.940002   
1775 2017-09-27  229.529999  230.059998  228.600006  229.669998  229.669998   
1774 2017-09-26  229.089996  229.320007  228.529999  228.779999  228.779999   
1773 2017-09-25  228.820007  229.199997  227.860001  228.699997  228.699997   
1772 2017-09-22  228.750000  229.259995  228.720001  229.039993  229.039993   
1771 2017-09-21  229.539993  229.580002  228.869995  229.070007  229.070007   
1770 2017-09-20  229.679993  229.779999  228.630005  229.720001  229.720001   
1769 2017-09-19  230.789993  230.850006  230.440002  230.770004  229.594009   
1768 2017-09-18  230.460007  230.899994  230.119995  230.490005  229.315445   
1767 2017-09-15  229.619995  230.130005  229.490005  230.089996  228.917465   
1766 2017-09-14  229.470001  229.940002  229.309998  229.770004  228.599106   
1765 2017-09-13  229.369995  229.850006  229.279999  229.850006  228.678696   
1764 2017-09-12  229.320007  229.720001  229.130005  229.710007  228.539413   
1763 2017-09-11  227.850006  229.009995  227.839996  228.869995  227.703690   
1762 2017-09-08  226.449997  226.979996  226.250000  226.399994  225.246262   
1761 2017-09-07  227.130005  227.130005  226.339996  226.750000  225.594498   
1760 2017-09-06  226.759995  227.139999  226.190002  226.800003  225.644241   
1759 2017-09-05  227.100006  227.350006  224.979996  226.009995  224.858261   
1758 2017-09-01  227.759995  228.110001  227.509995  227.690002  226.529709   
1757 2017-08-31  226.630005  227.580002  226.550003  227.300003  226.141693   
1756 2017-08-30  224.860001  226.240005  224.690002  225.970001  224.818466   
...         ...         ...         ...         ...         ...         ...   
29   2010-10-20  106.940002  108.160004  106.940002  107.760002   93.374390   
28   2010-10-19  107.139999  107.680000  106.019997  106.620003   92.386559   
27   2010-10-18  107.620003  108.440002  107.440002  108.339996   93.876945   
26   2010-10-15  108.040001  108.080002  106.720001  107.559998   93.201050   
25   2010-10-14  107.699997  107.820000  106.800003  107.360001   93.027786   
24   2010-10-13  107.580002  108.279999  107.239998  107.760002   93.374390   
23   2010-10-12  106.379997  107.239998  105.739998  107.120003   92.819817   
22   2010-10-11  106.720001  106.839996  106.279999  106.500000   92.282578   
21   2010-10-08  106.019997  106.739998  105.660004  106.680000   92.438553   
20   2010-10-07  106.500000  106.500000  105.320000  105.879997   91.745377   
19   2010-10-06  106.120003  106.279999  105.620003  105.940002   91.797356   
18   2010-10-05  105.019997  106.199997  104.820000  106.120003   91.953323   
17   2010-10-04  105.260002  105.260002  103.500000  103.839996   89.977669   
16   2010-10-01  105.080002  105.160004  104.160004  104.720001   90.740211   
15   2010-09-30  105.199997  105.680000  103.959999  104.360001   90.428261   
14   2010-09-29  104.580002  104.919998  104.220001  104.519997   90.566887   
13   2010-09-28  104.320000  105.019997  103.419998  105.019997   91.000137   
12   2010-09-27  104.980003  104.980003  104.339996  104.339996   90.410919   
11   2010-09-24  103.940002  104.900002  103.860001  104.839996   90.844170   
10   2010-09-23  103.320000  104.339996  103.120003  103.300003   89.026260   
9    2010-09-22  104.559998  105.040001  103.959999  104.160004   89.767448   
8    2010-09-21  105.019997  105.440002  104.279999  104.720001   90.250069   
7    2010-09-20  103.739998  105.040001  103.459999  105.040001   90.525841   
6    2010-09-17  103.879997  103.879997  103.019997  103.360001   89.077972   
5    2010-09-16  103.019997  103.320000  102.699997  103.260002   88.991791   
4    2010-09-15  102.620003  103.379997  102.400002  103.300003   89.026260   
3    2010-09-14  102.839996  103.480003  102.379997  103.040001   88.802177   
2    2010-09-13  102.959999  103.139999  102.500000  103.059998   88.819427   
1    2010-09-10  101.680000  101.860001  101.300003  101.779999   87.716309   
0    2010-09-09  102.500000  102.500000  101.139999  101.320000   87.319862   

       Volume  
1785  1031400  
1784  1027600  
1783   768300  
1782  1101500  
1781  1471800  
1780  1006700  
1779  1316400  
1778  1960600  
1777  1726200  
1776  1084700  
1775  2103600  
1774  2335000  
1773  1523300  
1772  1599200  
1771  1899900  
1770  1850500  
1769  1302400  
1768  1325200  
1767  1419700  
1766  1857300  
1765  1155800  
1764  1535000  
1763  2007200  
1762  1896900  
1761  1620300  
1760  1523300  
1759  2222300  
1758  1393700  
1757  2202700  
1756  1377800  
...       ...  
29      22800  
28      38500  
27      22800  
26      54900  
25      19100  
24      74400  
23      42000  
22      14200  
21      61500  
20      49900  
19     276900  
18      19800  
17      88700  
16      17100  
15      44700  
14      15900  
13      49800  
12      15000  
11      24100  
10      33300  
9       18100  
8       19200  
7       19000  
6       49300  
5       59500  
4        9200  
3       59400  
2       33700  
1        8600  
0       26500  

[1786 rows x 7 columns]"
VTI,"           Date        Open        High         Low       Close   Adj Close  \
1785 2017-10-11  131.240005  131.429993  131.100006  131.419998  131.419998   
1784 2017-10-10  131.250000  131.479996  130.940002  131.240005  131.240005   
1783 2017-10-09  131.300003  131.360001  130.759995  130.929993  130.929993   
1782 2017-10-06  131.059998  131.229996  130.910004  131.190002  131.190002   
1781 2017-10-05  130.729996  131.339996  130.720001  131.279999  131.279999   
1780 2017-10-04  130.449997  130.779999  130.300003  130.589996  130.589996   
1779 2017-10-03  130.309998  130.500000  130.130005  130.460007  130.460007   
1778 2017-10-02  129.639999  130.199997  129.550003  130.199997  130.199997   
1777 2017-09-29  129.020004  129.559998  129.009995  129.520004  129.520004   
1776 2017-09-28  128.820007  129.130005  128.660004  129.100006  129.100006   
1775 2017-09-27  128.839996  129.100006  128.169998  128.889999  128.889999   
1774 2017-09-26  128.350006  128.509995  128.110001  128.190002  128.190002   
1773 2017-09-25  128.240005  128.429993  127.690002  128.160004  128.160004   
1772 2017-09-22  128.139999  128.440002  127.989998  128.369995  128.369995   
1771 2017-09-21  129.119995  129.130005  128.720001  128.820007  128.267014   
1770 2017-09-20  129.100006  129.210007  128.600006  129.179993  128.625458   
1769 2017-09-19  129.059998  129.100006  128.850006  128.970001  128.416367   
1768 2017-09-18  128.850006  129.100006  128.690002  128.910004  128.356613   
1767 2017-09-15  128.309998  128.619995  128.199997  128.600006  128.047958   
1766 2017-09-14  128.229996  128.479996  128.070007  128.360001  127.808975   
1765 2017-09-13  128.229996  128.410004  128.119995  128.399994  127.848801   
1764 2017-09-12  128.039993  128.339996  128.000000  128.339996  127.789063   
1763 2017-09-11  127.150002  127.910004  127.150002  127.849998  127.301163   
1762 2017-09-08  126.349998  126.739998  126.269997  126.489998  125.947006   
1761 2017-09-07  126.959999  126.959999  126.320000  126.580002  126.036621   
1760 2017-09-06  126.690002  126.860001  126.320000  126.639999  126.096359   
1759 2017-09-05  126.919998  127.099998  125.690002  126.290001  125.747864   
1758 2017-09-01  127.230003  127.459999  127.120003  127.269997  126.723656   
1757 2017-08-31  126.459999  127.139999  126.459999  126.980003  126.434906   
1756 2017-08-30  125.459999  126.279999  125.379997  126.120003  125.578598   
...         ...         ...         ...         ...         ...         ...   
29   2010-10-20   59.770000   60.580002   59.770000   60.290001   52.560516   
28   2010-10-19   59.950001   60.320000   59.340000   59.689999   52.037434   
27   2010-10-18   60.290001   60.709999   60.169998   60.570000   52.804623   
26   2010-10-15   60.500000   60.639999   59.790001   60.240002   52.516922   
25   2010-10-14   60.340000   60.419998   59.779999   60.189999   52.473339   
24   2010-10-13   60.169998   60.680000   60.060001   60.349998   52.612820   
23   2010-10-12   59.540001   60.029999   59.119999   59.880001   52.203079   
22   2010-10-11   59.759998   59.820000   59.490002   59.669998   52.020004   
21   2010-10-08   59.259998   59.740002   59.060001   59.580002   51.941551   
20   2010-10-07   59.480000   59.509998   58.840000   59.180000   51.592827   
19   2010-10-06   59.299999   59.459999   59.020000   59.259998   51.662575   
18   2010-10-05   58.650002   59.459999   58.580002   59.320000   51.714878   
17   2010-10-04   58.509998   58.750000   57.849998   58.110001   50.660004   
16   2010-10-01   58.849998   58.880001   58.270000   58.630001   51.113338   
15   2010-09-30   58.869999   59.200001   58.099998   58.369999   50.886673   
14   2010-09-29   58.470001   58.720001   58.270000   58.500000   50.999996   
13   2010-09-28   58.340000   58.720001   57.740002   58.599998   51.087181   
12   2010-09-27   58.610001   58.660000   58.240002   58.270000   50.799496   
11   2010-09-24   57.980000   58.549999   57.919998   58.520000   51.017437   
10   2010-09-23   57.610001   58.240002   57.470001   57.599998   49.956459   
9    2010-09-22   58.270000   58.639999   57.910000   58.099998   50.390118   
8    2010-09-21   58.570000   58.860001   58.220001   58.410000   50.658981   
7    2010-09-20   57.849998   58.650002   57.669998   58.549999   50.780403   
6    2010-09-17   57.889999   57.900002   57.389999   57.599998   49.956459   
5    2010-09-16   57.419998   57.619999   57.250000   57.570000   49.930443   
4    2010-09-15   57.189999   57.669998   57.029999   57.590000   49.947796   
3    2010-09-14   57.299999   57.720001   57.090000   57.400002   49.782997   
2    2010-09-13   57.279999   57.490002   57.119999   57.410000   49.791683   
1    2010-09-10   56.570000   56.779999   56.419998   56.689999   49.167210   
0    2010-09-09   56.779999   56.900002   56.279999   56.450001   48.959064   

       Volume  
1785  2012700  
1784  2915300  
1783  1012100  
1782  1635000  
1781  2387200  
1780  1495700  
1779  1825100  
1778  2678000  
1777  1720600  
1776  1484800  
1775  2374400  
1774  1851500  
1773  2186000  
1772  1601600  
1771  1730600  
1770  1729200  
1769  1241700  
1768  1792300  
1767  1531300  
1766  1493200  
1765  1692500  
1764  2264200  
1763  1346500  
1762  1206100  
1761  1218600  
1760  1449900  
1759  2319000  
1758  2122600  
1757  3384400  
1756  1730600  
...       ...  
29    1665500  
28    3053600  
27    2811800  
26    1934400  
25    1615200  
24    1612000  
23    1504000  
22    1040200  
21    1145100  
20    1157400  
19    1312200  
18    2023200  
17    4304800  
16    3235500  
15    2636800  
14    1842400  
13    3132100  
12    1903100  
11    2377700  
10    3749800  
9     4076300  
8     2983400  
7     1289400  
6     1563700  
5     1011500  
4     1513700  
3     1262900  
2     1167500  
1      706800  
0     1433300  

[1786 rows x 7 columns]"
